자치구,행정동,기초생활수급자인원,노년부양비,고령자수,노령화지수,무료급식소개수,점수,순위,cluster
강서구,가양2동,3330,49.6,4394,683.7,2,2.311671972,1,1
노원구,중계2·3동,4920,33.4,7662,263.9,0,1.791792707,2,1
강북구,번3동,2857,46.2,4784,366,0,1.710586829,3,1
도봉구,도봉1동,1603,44,5925,488.1,1,1.588082689,4,1
관악구,삼성동,1612,39.5,5498,455.3,0,1.523594341,5,1
동대문구,청량리동,1741,43.8,5443,473.3,1,1.512251404,6,1
강북구,송천동,1887,34.4,6255,429.8,0,1.425310422,7,1
강북구,번2동,1886,39.8,4122,446.8,0,1.405702054,8,1
강북구,인수동,2118,35.4,7218,317.7,0,1.315604673,9,1
은평구,불광2동,2234,31.3,6119,398.3,0,1.289213647,10,1
노원구,월계2동,3136,34.2,6042,255.7,0,1.189057042,11,1
강서구,가양3동,2312,38.9,3860,442.4,1,1.188806805,12,1
동대문구,제기동,1577,30.6,5830,391.6,0,1.058870361,13,1
노원구,상계3·4동,2610,36.1,6169,303.4,1,1.047169522,14,1
은평구,응암3동,1914,33.7,5749,400.1,1,1.022646215,15,1
강북구,수유3동,1718,26.9,4794,442,0,0.975069844,16,1
강북구,수유2동,1372,35.5,5120,346.1,0,0.971749463,17,1
도봉구,도봉2동,1079,38.9,6786,317,1,0.908160084,18,1
중랑구,면목본동,2540,25,6341,302.3,0,0.891330595,19,1
노원구,상계5동,2059,31.2,5241,305.1,0,0.875655237,20,1
강북구,우이동,1220,36.1,4987,321.6,0,0.872903133,21,1
관악구,난곡동,2148,29.1,5582,307,0,0.86812576,22,1
도봉구,방학1동,1868,31,6174,271.1,0,0.842441578,23,1
도봉구,방학2동,2454,34.4,4595,331,1,0.83652594,24,1
강서구,등촌3동,5507,34.2,7059,307.7,5,0.812851637,25,1
강서구,화곡1동,1971,21.5,8695,263.3,0,0.812446981,26,1
강동구,길동,1637,25.4,8474,245.5,0,0.797618904,27,1
노원구,월계3동,2079,31.7,6371,219.9,0,0.79570351,28,1
은평구,역촌동,2368,26.9,8727,239.8,1,0.795693794,29,1
중랑구,중화2동,2511,28.3,5153,360.2,1,0.782283944,30,1
노원구,상계1동,1908,28.2,7552,220.2,0,0.776236167,31,1
강북구,수유1동,1536,31.5,4572,333.8,0,0.765302216,32,1
노원구,공릉1동,2447,25,6867,242.3,0,0.764925706,33,1
양천구,신월1동,1804,30.7,4443,325,0,0.757926407,34,1
강북구,미아동,1280,29.2,4607,376.2,0,0.748060273,35,1
구로구,오류2동,1774,28.7,7373,220,0,0.740847352,36,1
성북구,석관동,1886,29.9,7473,270.6,1,0.725742456,37,1
은평구,불광1동,1849,29.4,7964,252.9,1,0.709342786,38,1
동작구,노량진2동,884,26.4,2221,533.1,0,0.708365189,39,1
강북구,삼양동,1735,30.9,5015,275.5,0,0.679384738,40,1
강북구,송중동,1503,29.1,6192,264.4,0,0.673920383,41,1
강서구,방화3동,2276,36.5,5531,302.7,2,0.666296248,42,1
금천구,시흥5동,1768,34.1,4504,322.6,1,0.633123132,43,1
중랑구,면목3·8동,1970,28.9,5164,339.5,1,0.622144885,44,1
구로구,구로4동,957,28.8,4597,360.2,0,0.61311104,45,1
강북구,번1동,1223,27.7,3801,382.2,0,0.600077767,46,1
은평구,구산동,1536,27.8,6372,239.2,0,0.58604162,47,1
동대문구,전농1동,1837,27.8,5795,237.6,0,0.580497364,48,1
중랑구,신내1동,2097,27.2,7200,158.6,0,0.567538939,49,1
성북구,장위2동,1076,32.9,3138,339.7,0,0.551199334,50,1
구로구,수궁동,931,21.8,4703,419.5,0,0.537386263,51,1
서대문구,북가좌2동,1521,29.1,6502,283.3,1,0.530604033,52,1
관악구,미성동,1352,27.5,6054,249,0,0.521835913,53,1
강동구,암사1동,1922,25.3,6290,208.4,0,0.488889391,54,1
양천구,신정3동,2380,22.3,8081,130.9,0,0.487147488,55,1
금천구,시흥4동,1275,30.1,4365,277.7,0,0.471908207,56,1
은평구,녹번동,1749,28,7294,219.4,1,0.460276527,57,1
관악구,신원동,1123,23.1,3303,417.1,0,0.450568419,58,1
강서구,방화2동,1698,30.4,5021,286.1,1,0.445115902,59,1
구로구,고척2동,1176,30,5526,224.2,0,0.436273779,60,1
양천구,신월7동,1072,33.3,4447,321.7,1,0.434858471,61,1
중랑구,망우본동,2343,26.7,6824,198.2,1,0.4335959,62,1
노원구,중계4동,1832,30.4,4131,221.2,0,0.423079292,63,1
동대문구,용신동,1680,22.3,6103,250,0,0.420576622,64,1
중랑구,망우3동,1921,29.9,3503,324.5,1,0.401812682,65,1
구로구,개봉3동,658,31.5,4445,277,0,0.38760052,66,1
구로구,개봉2동,811,32.4,6774,237,1,0.387567828,67,1
관악구,은천동,1638,25.5,6075,202.2,0,0.386963339,68,1
강동구,천호1동,1659,28.4,5442,274.6,1,0.383670516,69,1
중랑구,면목7동,1137,28.5,4456,270.9,0,0.37496831,70,1
은평구,대조동,1595,26,5178,316.2,1,0.368362176,71,1
서대문구,홍은2동,1229,26.8,5308,244.3,0,0.364362674,72,1
양천구,신정4동,1758,25.1,6140,267.4,1,0.353487781,73,1
금천구,시흥1동,1627,26.2,6443,250,1,0.350473807,74,1
구로구,구로2동,1128,27.7,5713,215.3,0,0.340856692,75,1
동작구,상도4동,1386,25.6,5339,236.3,0,0.338915755,76,1
도봉구,쌍문1동,1275,31.4,4719,283,1,0.337870311,77,1
강동구,천호2동,2002,24.3,6109,250.6,1,0.329984118,78,1
강동구,성내2동,930,25.4,4447,309.3,0,0.323821991,79,1
서대문구,홍제3동,752,31.7,3934,263,0,0.314633592,80,1
도봉구,창2동,1291,26.2,5494,220.9,0,0.313944376,81,1
동작구,상도3동,1141,25.4,4607,280.1,0,0.309600994,82,1
은평구,갈현2동,1456,25.1,5192,230.2,0,0.302078005,83,1
은평구,갈현1동,1799,28.5,3549,314.5,1,0.301189109,84,1
은평구,신사1동,1099,26.7,5210,237.1,0,0.298627462,85,1
도봉구,쌍문3동,939,29.1,3542,291.7,0,0.298012869,86,1
동작구,사당2동,589,28.7,5809,216.9,0,0.268664801,87,1
중랑구,묵2동,1100,27.9,3752,273.8,0,0.267402206,88,1
강동구,강일동,2240,25.8,5779,119.3,0,0.266529262,89,1
금천구,시흥3동,414,33.2,2464,318,0,0.266185146,90,1
중랑구,면목2동,1715,27.1,4777,271.5,1,0.260378081,91,1
동대문구,장안2동,1366,19,5419,287.2,0,0.252001944,92,1
강서구,화곡4동,1228,27.3,4034,251.1,0,0.245852726,93,1
성북구,정릉3동,755,27.5,3385,397.5,1,0.239099398,94,1
중랑구,묵1동,1265,24.7,6140,182.6,0,0.225224386,95,1
성북구,정릉4동,850,28.3,4988,219.5,0,0.221734224,96,1
금천구,독산2동,1329,25.3,3615,271,0,0.202750564,97,1
노원구,월계1동,892,27.4,4277,251.3,0,0.202250688,98,1
영등포구,대림3동,909,25.7,4600,252.7,0,0.188816209,99,1
도봉구,쌍문2동,1060,31,4020,282.6,1,0.18777074,100,1
동대문구,답십리2동,1313,24,5774,189.1,0,0.185003727,101,1
성북구,정릉2동,758,28.4,4608,225.8,0,0.175560801,102,1
구로구,오류1동,1099,24.1,4158,259.2,0,0.139906451,103,1
마포구,성산2동,2194,21.7,6411,184.3,1,0.131350733,104,1
서대문구,홍제1동,787,27.7,4807,206.2,0,0.126271568,105,1
관악구,서원동,918,17.7,3377,383,0,0.123584171,106,1
도봉구,창3동,1153,32,3039,280.5,1,0.119373193,107,1
동작구,노량진1동,1213,25.2,5949,234.7,1,0.116141809,108,1
도봉구,방학3동,408,29.6,5386,183.4,0,0.113133221,109,1
관악구,행운동,1040,19.2,4515,301.1,0,0.113075887,110,1
강서구,방화1동,1210,23.4,7037,123.4,0,0.108653259,111,1
강서구,화곡3동,677,27.7,4280,231.1,0,0.106891565,112,1
관악구,서림동,1200,18.8,3676,326.6,0,0.105242344,113,1
성북구,장위1동,2013,24.2,4201,168.3,0,0.102936523,114,1
관악구,보라매동,1158,25.4,4635,287.4,1,0.098987089,115,1
강동구,천호3동,1402,24,4806,276.4,1,0.095041369,116,1
은평구,진관동,1592,22.1,8631,117.6,1,0.089636394,117,1
영등포구,신길1동,953,23.1,3511,293,0,0.087011197,118,1
관악구,성현동,1570,27.4,5538,185,1,0.086661806,119,1
성북구,종암동,1401,24,6975,176.4,1,0.077342794,120,1
동작구,사당1동,784,21.5,3874,388.8,1,0.06674904,121,1
동대문구,전농2동,805,29.5,3807,203.3,0,0.064584941,122,1
금천구,독산3동,1102,23.6,4678,300.2,1,0.063179581,123,1
도봉구,창5동,627,26.2,4620,218.5,0,0.047782868,124,1
영등포구,여의동,135,28.4,6341,155,0,0.043821652,125,1
양천구,신월2동,785,28.7,4102,193.6,0,0.040050862,126,1
양천구,신월3동,1516,29.1,3084,256.7,1,0.037861302,127,1
성북구,돈암1동,621,29.1,2988,246.1,0,0.02875361,128,1
노원구,하계1동,2904,23.2,4691,228,2,0.02333483,129,1
강서구,화곡8동,1145,25.4,4553,262.5,1,0.015819154,130,1
영등포구,대림1동,636,27.9,3168,247.5,0,0.015270933,131,1
은평구,신사2동,1119,28.4,3957,250.3,1,0.009856657,132,1
성북구,월곡2동,748,25.8,3721,239,0,0.009565,133,1
양천구,신정7동,1781,26.5,5283,159.9,1,0.001295684,134,1
영등포구,대림2동,517,24,2846,315,0,-0.000298016,135,1
동대문구,이문1동,743,29.2,3218,214.3,0,-0.001184098,136,1
성북구,삼선동,865,23.2,4016,243,0,-0.009049003,137,1
서대문구,홍은1동,779,29.4,4703,225.4,1,-0.011982852,138,1
노원구,상계2동,1038,24.1,3524,237.3,0,-0.013139847,139,1
금천구,시흥2동,1295,30.1,4291,187.9,1,-0.024122064,140,1
중랑구,면목4동,1807,29.5,3914,253.3,2,-0.027800559,141,1
강서구,화곡6동,1019,21.4,4147,238.2,0,-0.035389461,142,1
동대문구,장안1동,1620,23.4,6780,133.2,1,-0.039177125,143,1
강동구,성내3동,706,23.8,4091,232.2,0,-0.045540587,144,1
관악구,인헌동,761,20.3,4131,269,0,-0.049180548,145,1
구로구,개봉1동,1645,28.2,6669,154.9,2,-0.053017773,146,1
동작구,흑석동,863,23.6,5254,168.9,0,-0.053184814,147,1
동대문구,답십리1동,866,29.3,4154,227.5,1,-0.056521141,148,1
중랑구,중화1동,1105,27.7,3830,238.5,1,-0.067084003,149,1
서대문구,연희동,929,21.6,5946,235.6,1,-0.075535466,150,1
노원구,상계6·7동,1077,22.5,5270,156.5,0,-0.076170414,151,1
은평구,응암1동,1155,22.4,5394,144.6,0,-0.080207379,152,1
관악구,청룡동,1166,15.5,4679,261.4,0,-0.081854771,153,1
은평구,증산동,680,27,3575,203.2,0,-0.081965311,154,1
구로구,고척1동,667,24.5,4551,187.5,0,-0.099456166,155,1
서대문구,남가좌2동,1330,22.8,4965,136.9,0,-0.099638185,156,1
도봉구,창1동,613,28,4865,217.7,1,-0.102114308,157,1
중랑구,상봉2동,1103,18.7,3075,283.3,0,-0.115953397,158,1
마포구,공덕동,1151,21.5,6057,197.8,1,-0.121004083,159,1
영등포구,도림동,802,22.9,3260,244.7,0,-0.121615743,160,1
영등포구,신길3동,811,26.9,3236,192.5,0,-0.12685359,161,1
마포구,망원1동,722,22.8,3391,244.9,0,-0.127070459,162,1
동대문구,휘경2동,703,22.1,4106,214.2,0,-0.155800048,163,1
동작구,사당4동,563,26.4,2770,313.4,1,-0.15635253,164,1
성북구,성북동,416,24.6,3061,250.6,0,-0.157442742,165,1
강서구,화곡본동,1904,19.8,5149,180.2,1,-0.168595245,166,1
금천구,독산4동,919,25.2,3016,279.2,1,-0.183623684,167,1
관악구,조원동,724,19.2,3036,283,0,-0.190963059,168,1
구로구,구로5동,496,20.7,4854,204,0,-0.190989114,169,1
영등포구,당산1동,569,22.2,3479,237.2,0,-0.194680911,170,1
서대문구,홍제2동,599,29.5,2798,256,1,-0.1958088,171,1
노원구,상계9동,528,25.5,3675,189.3,0,-0.197473954,172,1
관악구,(관)신사동,1249,18.7,3570,304.4,1,-0.201051435,173,1
동작구,상도1동,1231,21.1,7352,193.8,2,-0.208802354,174,1
영등포구,신길6동,529,24.1,3429,212.3,0,-0.21236272,175,1
강동구,둔촌2동,536,24.1,4244,175.7,0,-0.214567121,176,1
관악구,중앙동,608,18.9,2393,398.2,1,-0.220575974,177,1
양천구,목2동,1119,19.4,4400,177.5,0,-0.223981091,178,1
마포구,도화동,503,25.1,3795,180.7,0,-0.227115544,179,1
도봉구,창4동,351,23.7,4501,173.5,0,-0.246306523,180,1
강서구,화곡2동,935,23.3,3047,189.4,0,-0.258547057,181,1
강북구,삼각산동,1319,21.6,4703,105.8,0,-0.264582486,182,1
영등포구,신길4동,707,26.7,2416,190,0,-0.264929368,183,1
강서구,공항동,1771,20.1,4398,100.1,0,-0.267292919,184,1
노원구,공릉2동,965,18.8,5922,116.4,0,-0.267538201,185,1
동작구,사당3동,585,27.7,4656,172.3,1,-0.272699872,186,1
양천구,신월5동,767,25.1,2614,192.9,0,-0.275904472,187,1
강서구,우장산동,694,20.2,6203,105.3,0,-0.277002465,188,1
중랑구,상봉1동,1714,23.2,3991,161.5,1,-0.284861917,189,1
관악구,남현동,365,21,2939,257.7,0,-0.292509387,190,1
마포구,망원2동,529,23.7,3215,198,0,-0.293025436,191,1
금천구,독산1동,1765,16.8,6124,139.8,1,-0.302674484,192,1
중랑구,신내2동,1440,30.7,4295,233.7,3,-0.316786331,193,1
영등포구,영등포본동,1020,26.7,4257,230.8,2,-0.330508305,194,1
영등포구,신길5동,577,26.9,2060,185.9,0,-0.342669416,195,1
강서구,등촌2동,432,22.7,3350,192.4,0,-0.350370011,196,1
마포구,성산1동,584,20.8,3018,218.3,0,-0.35064721,197,1
동작구,신대방1동,597,22.2,3947,158.8,0,-0.352158948,198,1
마포구,합정동,566,20.2,2675,240.4,0,-0.355722074,199,1
노원구,하계2동,1241,21.7,3404,133.8,0,-0.358388803,200,1
도봉구,쌍문4동,360,24.9,3276,170.1,0,-0.360310631,201,1
서대문구,천연동,754,27.2,3266,190.9,1,-0.368638853,202,1
마포구,연남동,271,19.5,2299,278.7,0,-0.386499069,203,1
양천구,목3동,1094,21.9,3591,208.9,1,-0.389148243,204,1
강동구,명일1동,375,23.5,4262,132.1,0,-0.393734994,205,1
성북구,안암동,482,14.7,2105,327.6,0,-0.395034115,206,1
성북구,정릉1동,423,24.9,3208,154.3,0,-0.398627326,207,1
동작구,상도2동,522,21.8,4390,131.2,0,-0.407492086,208,1
관악구,대학동,1353,14.5,3178,290.5,1,-0.413943536,209,1
양천구,신월4동,414,28.6,3487,172.6,1,-0.421594659,210,1
성북구,월곡1동,1018,26.9,4915,167.1,2,-0.423165164,211,1
서대문구,북가좌1동,544,24.8,3097,141.7,0,-0.423381974,212,1
동대문구,이문2동,1009,20,4110,118.7,0,-0.428968772,213,1
은평구,응암2동,1081,21.4,4138,93.6,0,-0.429764864,214,1
마포구,상암동,1219,19.1,4255,102.7,0,-0.440160949,215,1
구로구,구로3동,492,18.6,3548,193.4,0,-0.455912793,216,1
관악구,신림동,846,9.3,1970,434.3,1,-0.458172584,217,1
강서구,발산1동,1546,19.8,5132,100.4,1,-0.478000268,218,1
서대문구,충현동,718,23.1,3468,197.7,1,-0.479447905,219,1
동작구,사당5동,377,23.1,2443,179.1,0,-0.49679805,220,1
동작구,신대방2동,589,20.9,3456,144.1,0,-0.501670868,221,1
관악구,난향동,654,27.1,2840,169.6,1,-0.507187974,222,1
관악구,청림동,620,27,2834,171.9,1,-0.512832756,223,1
영등포구,문래동,276,21,4823,104.3,0,-0.515712614,224,1
성북구,길음1동,592,19.8,4809,81.8,0,-0.550907731,225,1
강동구,성내1동,331,22,3191,144.3,0,-0.553550947,226,1
노원구,상계10동,437,21.4,2922,151.6,0,-0.562772298,227,1
중랑구,면목5동,813,22.3,2375,132.4,0,-0.564882137,228,1
성북구,보문동,486,20.5,2578,171.5,0,-0.569450555,229,1
성북구,돈암2동,372,21.6,3646,117.7,0,-0.577897547,230,1
영등포구,당산2동,294,17,4830,129.9,0,-0.581302512,231,1
마포구,신수동,410,20.1,3371,138.8,0,-0.596726641,232,1
구로구,신도림동,188,19.2,4984,97.1,0,-0.600873666,233,1
마포구,서교동,418,15,3299,284.1,1,-0.614645157,234,1
은평구,수색동,574,25,2373,181.1,1,-0.625054178,235,1
구로구,가리봉동,643,27.6,1954,329.8,3,-0.625383086,236,1
강동구,암사2동,170,23.5,2521,141.6,0,-0.626364841,237,1
동작구,대방동,1519,21,5805,161.7,3,-0.663620308,238,1
강동구,상일제2동,689,23.3,1909,104.9,0,-0.692053145,239,1
금천구,가산동,801,12.4,2726,280.1,1,-0.700369332,240,1
강동구,암사3동,133,23.7,2817,102.7,0,-0.701305287,241,1
동대문구,휘경1동,386,16.6,2164,200.1,0,-0.701498034,242,1
강동구,상일제1동,396,18,4835,65.3,0,-0.703599414,243,1
성북구,동선동,458,17.1,2178,270.1,1,-0.706595265,244,1
관악구,낙성대동,444,13.6,2025,229.9,0,-0.728152489,245,1
강동구,고덕2동,588,20,3161,84,0,-0.739365714,246,1
강서구,등촌1동,309,15.2,3048,169.6,0,-0.747396722,247,1
양천구,목5동,49,17.3,5033,75.6,0,-0.755300301,248,1
강동구,둔촌1동,1,19,11,275,0,-0.75581341,249,1
양천구,목4동,997,17.8,3397,136.2,1,-0.786338114,250,1
동대문구,회기동,364,13.8,1552,230.5,0,-0.795395883,251,1
노원구,상계8동,353,18.8,3053,99.8,0,-0.804921329,252,1
양천구,신정1동,263,20.3,2840,92.1,0,-0.819778337,253,1
강서구,염창동,233,15,4650,78.2,0,-0.834371445,254,1
성북구,장위3동,593,19.2,2192,96.6,0,-0.849361253,255,1
영등포구,양평1동,314,16.8,2416,137.4,0,-0.856939082,256,1
구로구,구로1동,100,18.6,2857,106.6,0,-0.875028482,257,1
영등포구,신길7동,289,18.6,2657,91.5,0,-0.898454158,258,1
강동구,명일2동,179,22.6,2790,127.2,1,-0.902722503,259,1
서대문구,신촌동,534,9.3,2114,207.7,0,-0.912600421,260,1
강서구,가양1동,307,11.5,3292,143.7,0,-0.923149182,261,1
강동구,고덕1동,309,18.4,3012,66.9,0,-0.927050393,262,1
양천구,목1동,345,16.1,3495,66.9,0,-0.941965197,263,1
성북구,길음2동,516,20,3108,101.4,1,-0.951875553,264,1
영등포구,양평2동,278,14.8,2625,120.4,0,-0.959036128,265,1
서대문구,북아현동,595,20.1,2318,123,1,-0.965533758,266,1
양천구,신정6동,77,17.5,3041,82.2,0,-0.965920149,267,1
노원구,중계본동,616,14.9,2617,79.3,0,-0.994468252,268,1
마포구,용강동,431,19.6,3025,94.2,1,-1.016128077,269,1
영등포구,영등포동,1635,13.6,3395,222.7,3,-1.022811925,270,1
노원구,중계1동,787,13,2556,58.7,0,-1.088398335,271,1
양천구,신월6동,268,20.8,2029,100.5,1,-1.114477761,272,1
구로구,항동,598,15.9,1785,51.6,0,-1.142411514,273,1
양천구,신정2동,711,19.9,2728,106.8,2,-1.180165256,274,1
서대문구,남가좌1동,287,20.2,2276,72,1,-1.181734415,275,1
마포구,대흥동,483,15.1,1976,203.3,2,-1.223621421,276,1
마포구,서강동,346,16.8,3307,130.7,2,-1.236882743,277,1
마포구,아현동,524,17.8,3367,93.2,2,-1.258598305,278,1
마포구,염리동,405,15.7,2072,92.7,1,-1.281674287,279,1
광진구,중곡4동,1534,25.7,5411,278.8,0,1.163973823,1,2
중구,약수동,944,35.7,3980,284.4,0,1.105766295,2,2
중구,을지로동,148,34.1,454,659.2,0,0.951732367,3,2
종로구,창신1동,501,29.8,1176,555.1,0,0.803631207,4,2
광진구,자양4동,1001,23.9,3749,340,0,0.699262181,5,2
중구,회현동,463,37.4,1250,367.5,0,0.697218401,6,2
종로구,창신2동,491,28.1,1809,487.6,0,0.669336128,7,2
용산구,보광동,1086,25.1,2643,351.5,0,0.638073769,8,2
중구,청구동,769,29.7,2840,275,0,0.545278534,9,2
광진구,중곡3동,1204,24.2,2937,275.3,0,0.524270266,10,2
용산구,청파동,1136,20.7,3206,327.7,0,0.502841578,11,2
광진구,구의2동,1132,23.2,4502,174.7,0,0.467581186,12,2
광진구,자양1동,1294,20.8,3621,249.3,0,0.467439976,13,2
성동구,용답동,918,22.6,2176,389.4,0,0.458404908,14,2
중구,다산동,507,27.4,2807,335.2,0,0.453362451,15,2
성동구,성수2가1동,818,25.4,2934,278.2,0,0.400005295,16,2
용산구,용산2가동,605,26.5,2014,358.8,0,0.384657195,17,2
광진구,자양2동,883,23.6,4196,189.3,0,0.35048362,18,2
종로구,종로1·2·3·4가동,786,27.7,1706,297.8,0,0.33092326,19,2
성동구,금호2·3가동,769,24.6,3980,178.7,0,0.280315318,20,2
용산구,후암동,907,24.2,2972,221.3,0,0.262034498,21,2
성동구,행당2동,861,24.1,4003,157.8,0,0.256763178,22,2
광진구,중곡1동,989,21.8,2619,272.3,0,0.255445465,23,2
용산구,남영동,1375,27.4,1544,553.9,3,0.246538968,24,2
종로구,숭인2동,475,20.5,1709,455.8,0,0.232161828,25,2
광진구,중곡2동,935,20.9,3410,215.1,0,0.185944126,26,2
종로구,종로5·6가동,319,23.7,1058,435.9,0,0.146607083,27,2
용산구,이촌2동,174,32.1,1786,251.3,0,0.139530618,28,2
중구,명동,93,29.2,733,389,0,0.120639177,29,2
성동구,송정동,736,23.4,1840,285.1,0,0.10781874,30,2
성동구,금호1가동,772,25.8,2745,160.3,0,0.088804298,31,2
종로구,평창동,144,27.8,3474,192.8,0,0.074619676,32,2
종로구,삼청동,45,35.1,596,266.4,0,0.051117119,33,2
광진구,구의1동,976,17.4,3312,221.5,0,0.048381438,34,2
용산구,한남동,595,22.5,3587,181.8,0,0.046335172,35,2
종로구,숭인1동,296,27.2,1206,316.4,0,0.036244776,36,2
성동구,왕십리도선동,921,19.9,3952,132.4,0,0.030370498,37,2
중구,광희동,232,21.2,1090,447.8,0,0.026856189,38,2
종로구,이화동,288,23,1352,381.5,0,0.02170641,39,2
중구,신당동,440,21.2,1486,370.9,0,0.011219542,40,2
광진구,구의3동,553,20.6,4368,156.2,0,0.010317666,41,2
용산구,용문동,441,25.5,2167,222.1,0,-0.032879681,42,2
중구,신당5동,511,23.8,1860,248.7,0,-0.063539332,43,2
용산구,이촌1동,68,24.6,4262,111.2,0,-0.165463462,44,2
중구,동화동,217,27,1949,196.3,0,-0.169121073,45,2
중구,필동,103,24.1,876,349.8,0,-0.170054697,46,2
성동구,금호4가동,442,25.2,2505,144.4,0,-0.171995562,47,2
광진구,화양동,730,9.8,2332,390.7,0,-0.172847731,48,2
종로구,부암동,174,26.2,1808,225.6,0,-0.179900121,49,2
광진구,군자동,921,18.6,3159,247.9,1,-0.195972934,50,2
종로구,사직동,125,27.1,1787,208.3,0,-0.207111307,51,2
종로구,가회동,77,29.2,837,244.2,0,-0.208806479,52,2
용산구,원효로2동,457,22.9,2328,179.6,0,-0.214077319,53,2
용산구,이태원2동,276,24,1809,228.6,0,-0.222112548,54,2
성동구,왕십리2동,549,21.5,2648,159.6,0,-0.226724701,55,2
종로구,창신3동,247,26,1250,230.8,0,-0.233710666,56,2
성동구,성수2가3동,250,23.2,1827,241.1,0,-0.237932094,57,2
성동구,옥수동,532,23.6,4294,132.1,1,-0.242822123,58,2
종로구,청운효자동,229,25.6,2137,173.7,0,-0.247728938,59,2
중구,황학동,536,20,2035,212.8,0,-0.276162377,60,2
종로구,혜화동,380,17.2,2675,242.9,0,-0.299468903,61,2
용산구,이태원1동,254,22.1,1292,268.7,0,-0.308522042,62,2
광진구,자양3동,381,22.4,4467,136.8,1,-0.328797401,63,2
성동구,응봉동,230,23.6,2536,138.8,0,-0.352366599,64,2
용산구,한강로동,410,18.4,3131,156,0,-0.360027171,65,2
성동구,성수1가1동,515,19.1,2392,171.1,0,-0.365106704,66,2
성동구,행당1동,423,21,2190,159.7,0,-0.384251062,67,2
종로구,무악동,206,26.7,1476,141,0,-0.395055714,68,2
중구,장충동,157,20.7,855,304.9,0,-0.404366272,69,2
성동구,성수1가2동,268,21.1,1962,190.1,0,-0.420074195,70,2
용산구,서빙고동,326,21.9,2112,141.2,0,-0.446540654,71,2
광진구,능동,383,18.4,1668,212.4,0,-0.481763015,72,2
성동구,마장동,838,23.9,4030,227.8,3,-0.519438018,73,2
종로구,교남동,215,23.1,1648,140.2,0,-0.524728731,74,2
광진구,광장동,271,16.1,3986,72.4,0,-0.583693493,75,2
성동구,사근동,258,12.7,1516,264.5,0,-0.698415478,76,2
중구,중림동,622,25.1,2187,162.1,2,-0.717976478,77,2
용산구,효창동,132,19.4,1576,135.5,0,-0.752022903,78,2
용산구,원효로1동,388,14.9,2049,116.6,0,-0.79684705,79,2
중구,소공동,49,11.3,258,73.1,0,-1.515589199,80,2
강남구,수서동,3377,56.9,4930,623.9,2,2.893940097,1,3
송파구,방이1동,328,20.4,2324,137,0,1.307312591,2,3
송파구,마천2동,1509,32.8,4190,359.3,0,1.188856568,3,3
송파구,송파1동,581,19.3,3616,229.1,0,0.956095647,4,3
강남구,세곡동,2342,22.8,6899,111.3,1,0.610606772,5,3
송파구,풍납2동,569,22.8,4027,149.4,0,0.602122021,6,3
강남구,일원1동,1696,32.3,3376,304.8,2,0.480864382,7,3
강남구,압구정동,152,30.5,5280,162,0,0.46423029,8,3
송파구,거여2동,803,25.7,4278,154.7,0,0.416427126,9,3
송파구,삼전동,1196,17.6,4153,193.3,1,0.388409553,10,3
송파구,위례동,1090,20.8,2974,75.1,0,0.387842395,11,3
송파구,잠실6동,34,16.1,3917,59.4,0,0.350484394,12,3
송파구,잠실2동,33,21.7,4616,144.2,0,0.307002141,13,3
송파구,마천1동,1639,33.7,4317,292.1,0,0.301984821,14,3
강남구,개포1동,162,37.6,1676,215,0,0.280808835,15,3
서초구,내곡동,815,30,3440,135.8,0,0.252282813,16,3
송파구,오륜동,9,24.9,3065,127.7,0,0.222157972,17,3
서초구,서초3동,359,20.4,5002,177.9,0,0.202569383,18,3
서초구,양재1동,2293,24.3,7254,130.7,3,0.191194752,19,3
송파구,송파2동,359,22.2,3018,133.9,0,0.159807801,20,3
송파구,가락1동,112,19.8,3814,85.6,1,0.146666326,21,3
강남구,(강)신사동,246,27.4,3071,194.3,0,0.138648096,22,3
송파구,잠실4동,31,35.7,2235,240.3,0,0.100221058,23,3
송파구,거여1동,560,28.2,2497,281.8,0,0.094040127,24,3
서초구,방배3동,137,27.4,3301,167.4,0,0.066226827,25,3
강남구,논현2동,489,19.8,3186,209.2,0,0.024373553,26,3
서초구,방배1동,320,24.5,2990,182.3,0,0.017633613,27,3
서초구,방배2동,493,26.8,3549,202.6,1,0.000145788,28,3
송파구,잠실3동,54,11.7,3583,34.9,0,-0.002739663,29,3
강남구,도곡2동,82,22.5,5119,103.2,0,-0.007825386,30,3
강남구,논현1동,868,16.5,2974,304.8,1,-0.013188287,31,3
송파구,잠실본동,949,26.1,3008,137.3,0,-0.024134384,32,3
강남구,대치2동,141,20,5334,106.4,0,-0.027986785,33,3
송파구,문정1동,402,21.6,3198,173.9,0,-0.030687174,34,3
송파구,가락본동,739,20.4,3991,179.5,0,-0.040157358,35,3
송파구,문정2동,96,18.6,4170,187.9,0,-0.044942061,36,3
강남구,개포4동,713,20,3482,130.7,0,-0.098838458,37,3
서초구,양재2동,678,18.4,3077,163.4,0,-0.124720404,38,3
강남구,역삼1동,1075,12.2,3673,251.2,1,-0.145035855,39,3
서초구,방배4동,335,21.1,3600,129.9,0,-0.146179866,40,3
강남구,청담동,243,20.4,3814,128.7,0,-0.162046815,41,3
송파구,석촌동,995,18.9,4663,218.5,0,-0.185067117,42,3
송파구,풍납1동,522,30.9,2802,302.6,0,-0.198189396,43,3
송파구,오금동,1605,24.9,6807,178.7,0,-0.201903464,44,3
서초구,방배본동,361,21.5,3195,119.6,0,-0.221454845,45,3
강남구,개포3동,692,21,3559,179.7,1,-0.221749432,46,3
서초구,서초4동,70,20.4,4346,90,0,-0.238712822,47,3
강남구,삼성2동,466,16.9,3903,98.8,0,-0.289909169,48,3
서초구,반포1동,458,16.6,4133,77.8,0,-0.327911171,49,3
서초구,반포4동,117,21.9,2996,108.7,0,-0.336251349,50,3
강남구,일원본동,125,21.1,3382,93.2,0,-0.344843439,51,3
송파구,방이2동,905,17.1,3626,244.5,0,-0.350257552,52,3
강남구,도곡1동,157,20.4,3117,108.7,0,-0.354149714,53,3
서초구,반포3동,41,20.3,3268,96.5,0,-0.400103274,54,3
서초구,잠원동,254,17.4,3397,98,0,-0.411492824,55,3
서초구,서초2동,157,17.1,3396,94.6,0,-0.456519728,56,3
서초구,서초1동,356,20.5,3140,144.9,1,-0.471469514,57,3
강남구,삼성1동,168,24,2208,171.6,1,-0.477084755,58,3
강남구,대치4동,657,13.1,2082,140.6,0,-0.522772179,59,3
송파구,잠실7동,11,26.2,6070,125.4,0,-0.543057161,60,3
강남구,개포2동,174,18.8,3916,92.9,1,-0.60542292,61,3
송파구,가락2동,576,19.4,4506,117.7,0,-0.627856088,62,3
서초구,반포2동,7,20.1,2103,66.8,0,-0.687825317,63,3
강남구,역삼2동,570,14,3899,71.3,1,-0.721291355,64,3
강남구,대치1동,17,15.9,2684,63.9,0,-0.734919069,65,3
송파구,장지동,1680,17.3,3896,216.1,0,-0.802780352,66,3
서초구,반포본동,10,20.1,41,87.2,0,-0.951479238,67,3
